{
  "collectionName": "users-permissions_role",
  "info": {
    "name": "role",
    "description": ""
  },
  "options": {
    "draftAndPublish": false,
    "timestamps": false
  },
  "attributes": {
    "name": {
      "type": "string",
      "minLength": 3,
      "required": true,
      "configurable": false
    },
    "description": {
      "type": "string",
      "configurable": false
    },
    "type": {
      "type": "string",
      "unique": true,
      "configurable": false
    },
    "permissions": {
      "collection": "permission",
      "via": "role",
      "plugin": "users-permissions",
      "configurable": false,
      "isVirtual": true
    },
    "users": {
      "collection": "user",
      "via": "role",
      "plugin": "users-permissions"
    }
  }
}
